{"arr":[-2.4508371913279925,16.112057611786135,-73.82854144839924,387.8108167933523,-19.327405068780834,-29.018432379013692,-15.169249512283711,-21.291655616737405,-87.0897733621061],"t":652.0987689837875,"avg":72.4554187759764,"wants":{"BTC-PERP":0.003758383404322797,"BTC-SPOT":-0.003758383404322797,"SOL-PERP":-0.02470800188274349,"SOL-SPOT":0.02470800188274349,"SRM-PERP":0.11321680849582276,"SRM-SPOT":-0.11321680849582276,"RAY-PERP":-0.5947117756374634,"RAY-SPOT":0.5947117756374634,"FTT-PERP":0.029638769444236372,"FTT-SPOT":-0.029638769444236372,"ADA-PERP":0.04450005698405965,"ADA-SPOT":-0.04450005698405965,"BNB-PERP":0.023262196209821166,"BNB-SPOT":-0.023262196209821166,"AVAX-PERP":0.0326509673525649,"AVAX-SPOT":-0.0326509673525649,"LUNA-PERP":0.13355304058896533,"LUNA-SPOT":-0.13355304058896533},"mids":{"BTC-PERP":41281.65,"SOL-PERP":88.805,"SRM-PERP":2.6435,"RAY-PERP":2.725,"FTT-PERP":44.0435,"ADA-PERP":0.88015,"BNB-PERP":390.25,"AVAX-PERP":84.655,"LUNA-PERP":90.755},"BTC":-2.4508371913279925,"SOL":16.112057611786135,"SRM":-73.82854144839924,"RAY":387.8108167933523,"FTT":-19.327405068780834,"ADA":-29.018432379013692,"BNB":-15.169249512283711,"AVAX":-21.291655616737405,"LUNA":-87.0897733621061}