{"arr":[-3.4346555576549864,-30.155571763170297,-59.301380991014895,-112.9911345082657,-3.2201082963105865,11.633114390357857,42.011588723994024,-28.143091542913723,-33.32587831003864],"t":324.21652408372074,"avg":36.02405823152453,"wants":{"BTC-PERP":0.010593709149654794,"BTC-SPOT":-0.010593709149654794,"SOL-PERP":0.0930105948436588,"SOL-SPOT":-0.0930105948436588,"SRM-PERP":0.18290672000327104,"SRM-SPOT":-0.18290672000327104,"RAY-PERP":0.34850516896877404,"RAY-SPOT":-0.34850516896877404,"FTT-PERP":0.009931968475114102,"FTT-SPOT":-0.009931968475114102,"ADA-PERP":-0.035880695542075146,"ADA-SPOT":0.035880695542075146,"BNB-PERP":-0.12957880182919237,"BNB-SPOT":0.12957880182919237,"AVAX-PERP":0.08680338431993824,"AVAX-SPOT":-0.08680338431993824,"LUNA-PERP":0.10278895686832135,"LUNA-SPOT":-0.10278895686832135},"mids":{"BTC-PERP":39254.2,"SOL-PERP":82.655,"SRM-PERP":1.8450000000000002,"RAY-PERP":2.419,"FTT-PERP":41.303,"ADA-PERP":0.8058000000000001,"BNB-PERP":374.55,"AVAX-PERP":75.05,"LUNA-PERP":96.62},"BTC":-3.4346555576549864,"SOL":-30.155571763170297,"SRM":-59.301380991014895,"RAY":-112.9911345082657,"FTT":-3.2201082963105865,"ADA":11.633114390357857,"BNB":42.011588723994024,"AVAX":-28.143091542913723,"LUNA":-33.32587831003864}